{"cameraMode":{"drawMode":0,"name":"Shaded","section":"Shading Mode"},"sceneLighting":true,"audioPlay":false,"sceneViewState":{"showFog":true,"showMaterialUpdate":false,"showSkybox":true,"showFlares":true,"showImageEffects":true,"showParticleSystems":true},"in2DMode":false,"pivot":{"x":3.977159023284912,"y":0.5234752297401428,"z":18.47414779663086},"rotation":{"x":-0.008203711360692978,"y":0.9892507195472717,"z":-0.06122327968478203,"w":-0.13255256414413453},"size":0.8366469740867615,"orthographic":false}