{"cameraMode":{"drawMode":0,"name":"Shaded","section":"Shading Mode"},"sceneLighting":false,"audioPlay":false,"sceneViewState":{"showFog":true,"showMaterialUpdate":false,"showSkybox":false,"showFlares":true,"showImageEffects":true,"showParticleSystems":true},"in2DMode":false,"pivot":{"x":-0.41058969497680666,"y":0.5621449947357178,"z":0.07231020927429199},"rotation":{"x":-0.03726786747574806,"y":0.8855797052383423,"z":-0.07216546684503555,"w":-0.4573335349559784},"size":1.2247449159622193,"orthographic":false}