{"cameraMode":{"drawMode":0,"name":"Shaded","section":"Shading Mode"},"sceneLighting":true,"audioPlay":false,"sceneViewState":{"showFog":true,"showMaterialUpdate":false,"showSkybox":true,"showFlares":true,"showImageEffects":true,"showParticleSystems":true},"in2DMode":false,"pivot":{"x":7.252033233642578,"y":-7.349164962768555,"z":15.87056827545166},"rotation":{"x":-0.31617826223373415,"y":0.335964560508728,"z":-0.12085432559251785,"w":-0.878952145576477},"size":8.76797866821289,"orthographic":false}