{"cameraMode":{"drawMode":0,"name":"Shaded","section":"Shading Mode"},"sceneLighting":true,"audioPlay":false,"sceneViewState":{"showFog":false,"showMaterialUpdate":false,"showSkybox":false,"showFlares":false,"showImageEffects":false,"showParticleSystems":false},"in2DMode":false,"pivot":{"x":10.457009315490723,"y":-34.767452239990237,"z":19.88279914855957},"rotation":{"x":-0.467492014169693,"y":0.5322344303131104,"z":-0.4872598648071289,"w":-0.5106474161148071},"size":20.44719886779785,"orthographic":false}