{"cameraMode":{"drawMode":0,"name":"Shaded","section":"Shading Mode"},"sceneLighting":false,"audioPlay":false,"sceneViewState":{"showFog":false,"showMaterialUpdate":false,"showSkybox":false,"showFlares":false,"showImageEffects":false,"showParticleSystems":false},"in2DMode":false,"pivot":{"x":4.492000102996826,"y":2.1700000762939455,"z":11.6899995803833},"rotation":{"x":-0.10415704548358917,"y":0.8539759516716003,"z":-0.1876593381166458,"w":-0.4739854335784912},"size":2.0660252571105959,"orthographic":false}