{"cameraMode":{"drawMode":0,"name":"Shaded","section":"Shading Mode"},"sceneLighting":true,"audioPlay":false,"sceneViewState":{"showFog":true,"showMaterialUpdate":false,"showSkybox":true,"showFlares":true,"showImageEffects":true,"showParticleSystems":true},"in2DMode":false,"pivot":{"x":13.34899616241455,"y":-5.126771926879883,"z":19.116615295410158},"rotation":{"x":-0.2786167562007904,"y":0.2954036593437195,"z":-0.09050887823104859,"w":-0.9093504548072815},"size":12.336501121520996,"orthographic":false}